hex_id,violation_count,total_impact,avg_impact,peak_hour_count,lat,lon,priority_score
8860145b55fffff,20216,386118.63,19.09965522358528,3271,12.977395803185596,77.57547495335872,51.46
8861892e9bfffff,14993,317599.0,21.183152137664244,1094,12.980967724614176,77.60844722422738,42.38
8861892e81fffff,2,133.34,66.67,2,12.994262284689684,77.62914615872035,40.01
8861892457fffff,1,66.67,66.67,1,12.8744178,77.618489,40.0
8861892dc3fffff,2,111.11,55.555,1,13.08346335,77.63864585,33.34
88618920c9fffff,1,55.56,55.56,0,12.9190873,77.7372158,33.34
8860145b59fffff,9906,216616.1,21.86716131637392,4017,12.964477782294486,77.57608609730953,32.72
8860145b5dfffff,11761,178862.16999999998,15.20807499362299,743,12.971895987932813,77.57782613182245,32.4
8860145b43fffff,9538,190729.51,19.996803313063538,2562,12.977524121023778,77.57951677119101,30.87
8861892e93fffff,5224,170896.37,32.71370022970903,639,12.984301379323478,77.60362684671279,29.96
8860169699fffff,3,140.75,46.91666666666666,1,13.080579566666666,77.5023588,28.16
8861892e15fffff,2,88.88,44.44,0,12.9977986,77.6753601,26.67
886014511dfffff,1,44.44,44.44,0,12.8838377,77.5019219,26.67
8860144b59fffff,1,44.44,44.44,0,13.0658408,77.4535494,26.67
8860145aa9fffff,1,41.67,41.67,1,12.958585,77.495605,25.0
88618925b7fffff,7098,127433.61,17.95345308537616,769,12.964206111749643,77.58135309853895,24.82
8861892093fffff,8989,89480.74,9.954471020135722,291,12.933738363913106,77.69080628237074,23.76
8861892e39fffff,2053,66271.79,32.28046273745738,729,13.000367946507618,77.67704830824835,23.43
8861892e2bfffff,3543,94458.82,26.66068868190799,2007,13.008238073758346,77.69488026671021,23.01
8860145821fffff,1,37.04,37.04,0,13.0155316,77.5235756,22.23
886189263bfffff,7,253.72,36.245714285714286,2,12.842918342857145,77.64148054285714,21.76
8860144a65fffff,2,72.22,36.11,0,13.0655413,77.45325245,21.67
886189252dfffff,4,142.59,35.6475,2,12.963163725,77.675441025,21.4
8861892e53fffff,3,105.55,35.18333333333333,1,12.973391633333334,77.6772479,21.12
8860169019fffff,4142,86946.69,20.991475132786093,1081,13.185610021632062,77.67997068580397,20.79
8860145b37fffff,3541,79739.59999999999,22.518949449308103,274,13.012737608181617,77.55355026060309,20.52
88618920c1fffff,19,646.34,34.01789473684211,2,12.921356384210526,77.7364404631579,20.45
88601459c1fffff,15,509.25,33.95,2,13.031379533333334,77.50339226,20.4
8860145b31fffff,5065,87465.23,17.26855478775913,439,13.009362085725568,77.55480399340573,20.38
8861892283fffff,20,661.11,33.0555,4,12.88738487023546,77.7384770025872,19.87
8860145b07fffff,3824,78183.9,20.44558054393305,137,13.000442164584696,77.57043854940228,19.83
8860145b3bfffff,6711,72231.86,10.76320369542542,281,12.999958163315222,77.5506706521413,19.74
8861892c95fffff,55,1799.98,32.72690909090909,12,13.043607021032397,77.58891799492943,19.74
8861892e0dfffff,789,23807.04,30.173688212927757,44,12.995097423071432,77.69724383089245,19.67
8861892e91fffff,4771,80134.91,16.79625026199958,450,12.982933626137076,77.61066208721442,19.52
88618925a9fffff,12,388.87,32.405833333333334,4,12.952681625,77.6112873,19.47
88618925b3fffff,2640,62502.72,23.675272727272727,385,12.958425584326609,77.57724222522349,19.43
8861892e01fffff,722,21370.89,29.59957063711911,103,12.995735714182016,77.69422026877434,19.19
8860145a49fffff,19,601.89,31.678421052631577,1,12.918620121052632,77.5640812,19.04
886189243bfffff,18,568.53,31.585,1,12.897690294444445,77.60657150555556,18.99
8860145933fffff,2,62.96,31.48,0,13.0591057,77.5198668,18.89
8861892ca3fffff,2,62.96,31.48,0,13.06777925,77.60118015,18.89
8861892539fffff,2,62.96,31.48,0,12.9474033,77.64942884999999,18.89
8861892467fffff,28,877.84,31.35142857142857,1,12.901483375,77.6479968,18.87
8861892541fffff,2071,50447.34,24.358928054080152,304,12.926889774688908,77.67856515045614,18.71
8860145a3bfffff,181,5510.4800000000005,30.444640883977904,55,12.949893558563534,77.52248953093923,18.62
8861892097fffff,2527,56413.47,22.324285714285715,117,12.939849520545245,77.69614396264761,18.39
8861892429fffff,133,3994.71,30.035413533834586,10,12.904531064101375,77.64000592558043,18.28
8860145a29fffff,97,2899.14,29.8880412371134,38,12.957942376288658,77.55358150412371,18.12
886014512bfffff,4,120.38,30.095,2,12.904153025,77.51204185,18.06
88618924a1fffff,367,10598.59,28.87899182561308,135,12.911167423725908,77.57494653487738,18.05
8860145817fffff,7,203.7,29.1,1,12.996306542857145,77.48941155714286,17.47
8861892545fffff,1070,27118.47,25.344364485981306,77,12.930547712798765,77.68525735197771,17.32
8861892e3bfffff,383,10512.42,27.44757180156658,156,12.997701905703776,77.67084545597558,17.23
8860145a51fffff,27,771.29,28.566296296296294,8,12.919249851931095,77.54212892901704,17.19
88618920a5fffff,7,199.09,28.44142857142857,2,12.970614185714284,77.73047322857143,17.08
8860145867fffff,49,1368.59,27.930408163265305,5,13.010552602040818,77.53220768571428,16.86
88618925c1fffff,697,17968.12,25.77922525107604,164,12.925366066197732,77.6188687860651,16.85
8860145967fffff,12,333.36,27.78,5,13.058760858333336,77.559150575,16.69
8860145aadfffff,4,111.12,27.78,4,12.96193145,77.4982552,16.68
8861892181fffff,7,194.46,27.78,0,12.9894244,77.74874527142858,16.68
8860145187fffff,3,83.34,27.78,0,12.896729933333331,77.45337496666667,16.67
88601451bdfffff,1,27.78,27.78,0,12.9035725,77.4498397,16.67
8860169723fffff,2,55.56,27.78,2,13.1698367,77.6023667,16.67
8861892403fffff,2,55.56,27.78,1,12.88950315,77.6257243,16.67
886189241bfffff,1,27.78,27.78,0,12.8726719,77.602269,16.67
88618934e7fffff,1,27.78,27.78,0,12.8026667,77.7043117,16.67
88601451e7fffff,1,27.78,27.78,1,12.9014644,77.4675259,16.67
8861892c49fffff,1,27.78,27.78,1,13.0207568,77.6855388,16.67
8861892469fffff,1,27.78,27.78,1,12.8863523,77.6562061,16.67
8860145839fffff,2,55.56,27.78,2,13.0035222,77.50420205,16.67
88618920e1fffff,2,55.56,27.78,2,12.9492875,77.745304,16.67
886016970dfffff,3,83.34,27.78,2,13.151087133333334,77.61827343333333,16.67
8860169611fffff,1,27.78,27.78,1,13.0901038,77.5566159,16.67
8860169691fffff,1,27.78,27.78,0,13.0882399,77.494954,16.67
8860169119fffff,2,55.56,27.78,0,13.2423067,77.7098378,16.67
88618925e1fffff,35,963.0,27.51428571428572,2,12.94923562857143,77.62520477428572,16.58
8860145b51fffff,370,9686.08,26.1785945945946,82,12.971215759919216,77.56898635967869,16.44
8861892531fffff,765,18900.52,24.70656209150327,12,12.959084133713132,77.6450645075127,16.34
8861892dddfffff,3,81.47999999999999,27.16,0,13.0720611,77.6377072,16.3
886014595dfffff,93,2494.5,26.82258064516129,24,13.02339104437033,77.5493113078949,16.28
8861892627fffff,35,944.51,26.986,14,12.868391862857145,77.65941046571429,16.26
886014583dfffff,73,1940.78,26.586027397260278,13,13.010748728767124,77.50631878356164,16.1
88601459d9fffff,6,159.26,26.543333333333333,0,13.015052833333334,77.48650099999999,15.94
8861892405fffff,581,14201.77,24.443666092943204,247,12.8943634467082,77.63652744003402,15.82
8860145811fffff,9,237.02,26.335555555555555,0,12.987648711111111,77.49338684444444,15.82
88618920a3fffff,2465,44683.15,18.12703853955375,19,12.963829188438137,77.71746229926978,15.75
886189254dfffff,172,4395.21,25.553546511627907,16,12.92985101481108,77.68524100532198,15.67
88618925b5fffff,425,10505.58,24.719011764705883,71,12.962983128705885,77.58848044305883,15.67
8860145149fffff,50,1293.54,25.8708,2,12.867546598,77.535550614,15.62
886014596dfffff,64,1645.47,25.71046875,20,13.05203355625,77.57521859375,15.55
88618925a5fffff,1345,28820.3,21.427732342007435,71,12.97303192955905,77.61226226152084,15.52
8861892535fffff,698,16401.45,23.49777936962751,31,12.96011963532897,77.64891785845309,15.48
886189256dfffff,31,796.3,25.687096774193545,3,12.95010815483871,77.68973369677418,15.47
8860145957fffff,891,20244.2,22.720763187429856,226,13.030249695671596,77.53718988959496,15.4
886189253bfffff,34,866.66,25.49,0,12.951796855882352,77.64015339117647,15.36
8861892e17fffff,2251,40889.0,18.16481563749445,447,12.995601682121176,77.66717507129124,15.35
8860145b5bfffff,166,4155.61,25.03379518072289,42,12.962072783538456,77.56444110554408,15.35
8861892e29fffff,744,17191.23,23.10649193548387,285,13.009526889744622,77.69726296056452,15.34
88618925c3fffff,342,8336.4,24.375438596491225,54,12.927366499707604,77.60944289473684,15.3
8861892e25fffff,12,305.58,25.465,0,13.021269183333333,77.70137299166667,15.3
8861892e27fffff,4,101.86,25.465,0,13.023968925,77.693649475,15.29
886014581bfffff,4,101.86,25.465,0,12.97638655,77.4880898,15.29
8860145913fffff,514,12175.58,23.687898832684823,50,13.039836861543453,77.51727526361869,15.23
8861892e99fffff,1092,23776.3,21.7731684981685,12,12.97927001153846,77.61416121941393,15.22
8861892ed3fffff,1600,32103.04,20.0644,144,12.972932700216496,77.61921240162609,15.2
8860145943fffff,25,631.48,25.2592,0,13.032951344,77.554896136,15.2
8860145125fffff,13,327.8,25.21538461538461,4,12.916493992307691,77.52058697692308,15.15
886014595bfffff,111,2747.33,24.75072072072072,4,13.016885248648649,77.53680414774774,15.07
8860145857fffff,4,100.0,25.0,0,12.978229225,77.5102919,15.01
8860145a2bfffff,1257,26099.43,20.76326968973747,380,12.953842250120102,77.54327146304887,14.95
8861892585fffff,163,3965.83,24.330245398773005,19,12.950829829447851,77.60688226871166,14.92
88618920e7fffff,22,541.69,24.62227272727273,8,12.956972386363637,77.73856853636363,14.82
8860145b11fffff,2740,42808.16,15.623416058394161,139,12.986767275257252,77.55279838246562,14.8
8861892cc7fffff,26,633.36,24.36,1,13.040416761538465,77.61682471538462,14.67
88601458c7fffff,9,218.52,24.28,2,12.988653511111112,77.47257455555555,14.59
88601451d7fffff,4,97.23,24.3075,1,12.878552925,77.4453608,14.59
8860145b2bfffff,2704,41594.68,15.382647928994082,58,13.00728960576923,77.57107692337277,14.58
8860145b09fffff,1420,27845.2,19.609295774647887,138,12.985972542797851,77.57708702192168,14.58
886189249bfffff,80,1917.61,23.970125,2,12.876089140226933,77.54416254029434,14.54
8860145b15fffff,1343,26567.41,19.78213700670141,255,12.992952217281594,77.55504663375415,14.53
8861892e87fffff,221,5164.56,23.369049773755656,2,12.999888142221293,77.62646991992612,14.46
8861892e09fffff,9,216.66,24.07333333333333,0,12.983273907296908,77.69288848,14.46
8861892c9dfffff,3114,42318.85,13.589868336544637,251,13.035802999996926,77.58913743427745,14.32
8860145863fffff,214,4952.12,23.1407476635514,8,13.002237946261683,77.52615081448597,14.31
8861892441fffff,353,7998.58,22.65886685552408,61,12.87579560368272,77.64784124815864,14.29
8860145825fffff,29,688.01,23.724482758620688,18,13.025115698850572,77.5204699770115,14.29
886014590dfffff,56,1323.16,23.627857142857145,17,13.046161760714286,77.55395492142857,14.29
8861892ec7fffff,69,1622.19,23.51,9,12.98462749649261,77.64637109269674,14.24
886016961bfffff,54,1272.19,23.55907407407408,5,13.081752168674946,77.54834442845947,14.24
8860145b01fffff,2160,35830.34,16.58812037037037,38,12.992993697129627,77.57227466111111,14.23
8861892ecdfffff,37,870.38,23.523783783783784,0,12.978886283031567,77.65510089257255,14.19
8860145861fffff,18,424.08,23.56,3,13.000521599182392,77.53489366701223,14.17
8860145b33fffff,2188,35802.69,16.363203839122487,87,13.009303833610328,77.54957307871904,14.15
886189272bfffff,7,164.82,23.545714285714286,0,12.90142185714286,77.68854287142857,14.14
88618920bbfffff,1537,28310.33,18.419212752114507,209,12.949622196853223,77.69950276228533,14.09
88618925cdfffff,19,451.69,23.77315789473684,6,12.925350779882134,77.62822409233941,14.3
886189240dfffff,880,18070.86,20.535068181818183,268,12.889469651278024,77.63955616096926,14.06
886014582dfffff,528,11416.97,21.62304924242424,44,13.01710732405303,77.5313176435606,14.02
8861892e6bfffff,27,627.76,23.25037037037037,0,12.992302014814817,77.70720162962962,14.0
88601690c3fffff,826,16928.07,20.494031476997577,241,13.19107822723971,77.64605120145278,13.93
8861892615fffff,2,46.3,23.15,0,12.84021235,77.6439809,13.89
8861892cbbfffff,2,46.3,23.15,0,13.05413795,77.58230739999999,13.89
88618924e1fffff,2,46.3,23.15,0,12.90098135,77.59339295000001,13.89
88618924cbfffff,2,46.3,23.15,0,12.8673339,77.58127575,13.89
8860145169fffff,2,46.3,23.15,1,12.8898434,77.53788069999999,13.89
8860169641fffff,2,46.3,23.15,1,13.08146895,77.5931181,13.89
8860169045fffff,2,46.3,23.15,1,13.1972323,77.7145947,13.89
88601459bdfffff,2,46.3,23.15,0,13.05826395,77.47550515,13.89
88618924a3fffff,39,896.26,22.98102564102564,3,12.911302056410255,77.56942486153847,13.87
8860145b35fffff,193,4338.06,22.476994818652848,25,13.018405322398182,77.5586104193679,13.87
8861892447fffff,460,9904.37,21.531239130434784,106,12.882720576244903,77.64311444314136,13.83
88618924d7fffff,21,481.44,22.925714285714285,0,12.872741714285716,77.56621185238095,13.8
8860145829fffff,403,8731.86,21.667146401985114,35,13.007910319602978,77.52674270595534,13.8
8860145a2dfffff,804,16303.42,20.277885572139304,79,12.963858752985074,77.55540667164179,13.76
8861892eb5fffff,21,479.66,22.84095238095238,0,13.018732885714284,77.6186202952381,13.75
886189209bfffff,337,7339.86,21.78,19,12.927409791944244,77.69485414277713,13.73
88618924abfffff,90,2031.4,22.571111111111108,6,12.905952407538685,77.57332107364624,13.72
8860145b17fffff,2893,38483.16,13.3021638437608,264,12.996096712178678,77.54976414336484,13.71
8860145a63fffff,26,590.6999999999999,22.71923076923077,1,12.94813413846154,77.55724221153847,13.68
8860145949fffff,42,950.04,22.62,0,13.02292642142857,77.5629284642857,13.66
8861892409fffff,37,835.24,22.574054054054056,5,12.88246203344038,77.63656657448283,13.62
88618925b1fffff,1163,21915.17,18.8436543422184,95,12.956353043213753,77.58521029359108,13.61
88601459c9fffff,10,225.92,22.592,1,13.02465008,77.51085487666667,13.57
8861892f55fffff,36,810.1800000000001,22.505000000000003,8,13.026447255555556,77.72072790277778,13.57
8861892cc9fffff,27,608.35,22.53148148148148,12,13.025514048148148,77.62742984074075,13.57
8861892e45fffff,91,2029.66,22.303956043956045,12,12.987955769694684,77.71076852271092,13.56
8860145915fffff,7,157.42000000000002,22.48857142857143,0,13.042415542857142,77.52707778571428,13.51
88601459edfffff,15,337.04,22.46933333333333,1,13.050889546666667,77.51513002,13.51
88618920abfffff,113,2495.38,22.083008849557523,15,12.955392174566322,77.71885101717365,13.47
8861892cc5fffff,501,10376.48,20.711536926147705,8,13.035608474549337,77.62446108361277,13.42
88618925d3fffff,73,1615.74,22.133424657534245,6,12.9171833630137,77.58705217534246,13.42
8861892cb3fffff,138,3024.07,21.913550724637684,9,13.060536147481924,77.577168825396,13.42
8861892e49fffff,826,16184.01,19.59323244552058,126,12.971369075613309,77.7120482515934,13.39
8861892e41fffff,178,3863.03,21.70241573033708,10,12.977452246067417,77.71036855674157,13.37
8861892cddfffff,5,111.12,22.224,0,13.02341916,77.60917686,13.34
8860169053fffff,588,11899.1,20.23656462585034,106,13.1835075217517,77.680875607534,13.31
8861892569fffff,10,220.38,22.038,0,12.94036843,77.68824717,13.24
8860145b2dfffff,80,1744.56,21.807,0,13.0172596075,77.58746841749999,13.24
8861892e61fffff,24,527.73,21.98875,4,13.0041218875,77.7125172,13.24
88601690c7fffff,136,2935.42,21.583970588235296,65,13.191936419705884,77.64705472683823,13.22
8860145803fffff,78,1694.31,21.72192307692308,4,12.99029377948718,77.50521646153847,13.19
8860145a39fffff,150,3206.59,21.377266666666667,36,12.947184616666666,77.53218494666666,13.12
88618920e5fffff,84,1814.0,21.59523809523809,21,12.955712236904764,77.7449034047619,13.12
8861892445fffff,17,370.4,21.788235294117644,0,12.882205880052958,77.65029306167641,13.11
886189242bfffff,1131,20470.69,18.09963748894783,172,12.906161309176284,77.63031860299999,13.1
886014580dfffff,20,435.22,21.761000000000003,1,12.994467375,77.52187123,13.1
8860145959fffff,103,2212.1,21.476699029126213,12,13.01564256407767,77.5455475223301,13.09
8861892199fffff,4,87.04,21.76,3,12.9790236,77.73367917499999,13.06
8861892091fffff,228,4774.23,20.93960526315789,8,12.933403478831996,77.6966047127876,13.01
8860145b4bfffff,791,15087.68,19.07418457648546,11,12.969200539489233,77.58673882545858,13.01
8861892cc1fffff,96,2051.98,21.374791666666667,3,13.031834044791664,77.62306106770833,13.01
8860145953fffff,369,7553.07,20.469024390243906,59,13.021073819512196,77.53211801273713,13.01
8861892e3dfffff,1285,22348.05,17.391478599221788,331,13.005674257883571,77.68575521387521,12.98
8861892e11fffff,3,64.82,21.606666666666666,0,12.9854184,77.66884583333332,12.97
8860145a59fffff,3,64.82,21.606666666666666,1,12.91345284781601,77.5466781590894,12.97
8860145a01fffff,3,64.82,21.606666666666666,1,12.942023466666669,77.54557336666666,12.97
88618921d9fffff,84,1787.09,21.27488095238095,10,12.963923058333334,77.748536925,12.93
8860145a57fffff,5,107.4,21.48,2,12.92757974,77.5333907,12.9
8861892401fffff,25,535.22,21.4088,0,12.891936908,77.631976596,12.89
8860145b47fffff,149,3125.93,20.97939597315436,20,12.985446906360504,77.58648956275167,12.88
8861892e21fffff,32,683.33,21.3540625,2,13.01317595625,77.69918372812499,12.88
88601459e7fffff,28,598.14,21.362142857142857,3,13.060462671068482,77.50602362996027,12.87
8860145965fffff,20,427.8,21.39,2,13.06398629,77.571903945,12.87
8861892e07fffff,152,3177.98,20.90776315789474,31,12.99916186063854,77.68783821367087,12.85
8860145ad9fffff,132,2770.35,20.9875,3,12.91281140764509,77.4820530325597,12.85
8861892c3bfffff,12,255.56,21.296666666666667,4,13.052757175000002,77.646082925,12.8
8861892f69fffff,228,4683.36,20.541052631578943,18,13.04583421885965,77.75027977368421,12.78
88618920a9fffff,108,2255.59,20.8850925925926,30,12.95632319932094,77.73120967275854,12.74
8860145a07fffff,630,12059.91,19.142714285714284,189,12.951948771748343,77.54043125482293,12.73
8861892487fffff,90,1881.52,20.90577777777778,5,12.895147392222222,77.56915388222222,12.72
8861892ccdfffff,64,1342.68,20.979375,18,13.03202620625,77.6284759578125,12.71
8861892e1dfffff,36,758.27,21.063055555555557,5,12.984084025,77.67982971666667,12.71
8860145ae7fffff,7,148.16,21.165714285714284,2,12.959670785714284,77.50201131428571,12.71
886016901dfffff,102,2124.24,20.82588235294117,25,13.193938047058824,77.68083550588236,12.7
8860145b13fffff,77,1608.39,20.88818181818182,29,12.986420943317569,77.54669252420939,12.69
8861892087fffff,389,7721.16,19.84874035989717,82,12.951407608481272,77.7174591620634,12.68
886014514dfffff,103,2140.77,20.784174757281555,6,12.872527481553398,77.53946036407767,12.67
8860169669fffff,845,15457.85,18.293313609467457,453,13.097256335893396,77.59933315883606,12.65
8860145911fffff,24,503.72,20.988333333333333,3,13.038168308333333,77.52087955,12.64
8860145b25fffff,517,10013.49,19.36845261121857,24,13.023826612780455,77.58473997925189,12.64
8860145b57fffff,386,7612.269999999999,19.720906735751296,11,12.978540405257087,77.5634712893441,12.6
8861892e47fffff,71,1473.21,20.74943661971831,8,12.984804795774648,77.70820812676057,12.59
8860145a27fffff,4669,26117.78,5.593870207753266,149,12.973768906982224,77.54533649802956,12.59
8861892481fffff,46,957.39,20.812826086956523,5,12.890324804347824,77.57169324130435,12.58
88618925c9fffff,245,4939.24,20.16016326530612,128,12.9202698973828,77.62192361395302,12.58
8860145b69fffff,752,13887.77,18.46777925531915,30,12.990157992952128,77.59932929082447,12.57
8861892cbdfffff,322,6390.14,19.845155279503107,81,13.060582334263588,77.59283808063716,12.54
8860145a1dfffff,16,333.36,20.835,3,12.9369921625,77.5323036625,12.53
8861892e55fffff,469,9059.4,19.31641791044776,37,12.979245315133973,77.695008981747,12.52
8861892485fffff,4,83.34,20.835,0,12.898637375,77.5723503,12.51
886189251bfffff,220,4424.05,20.109318181818185,15,12.925941337272729,77.63392512045455,12.5
8861892517fffff,24,496.32,20.68,1,12.939342958333334,77.6328902625,12.46
8861892549fffff,5,103.7,20.74,0,12.9200064,77.68521946,12.45
8861892ed7fffff,475,9100.97,19.15993684210526,28,12.9752004929161,77.6238861091728,12.44
8860145a17fffff,26,536.0699999999999,20.61807692307692,4,12.93677625,77.5182464576923,12.42
8861892cb1fffff,881,15645.22,17.758479001135072,255,13.062141408269603,77.58875858702095,12.4
8860145919fffff,18,370.4,20.577777777777776,4,13.03421296296296,77.53025489444445,12.38
8861892443fffff,23,472.26,20.53304347826087,2,12.875078617391306,77.64049579130435,12.37
886189218dfffff,25,512.97,20.5188,2,12.99378292,77.757326584,12.36
8861892717fffff,11,225.94,20.54,4,12.891515845454546,77.6672589,12.35
8861892423fffff,617,11446.95,18.55259319286872,106,12.910696642822966,77.6266527460314,12.35
8860145855fffff,57,1158.35,20.3219298245614,11,12.97820833508772,77.51268438947369,12.31
8860145a89fffff,16,325.94,20.37125,0,12.934184525,77.49003153125,12.25
886189240bfffff,8,162.95999999999998,20.37,0,12.8782335,77.62613285,12.24
886016911bfffff,7,142.6,20.37142857142857,0,13.24218082857143,77.70400994285716,12.24
8861892537fffff,822,14535.28,17.682822384428224,154,12.96353115473614,77.64080684597086,12.24
8861892e83fffff,6,122.22,20.37,0,12.996016833333334,77.62222153333333,12.23
886189262dfffff,6,122.22,20.37,0,12.859944233333332,77.67469698333333,12.23
8860145987fffff,42,850.06,20.23952380952381,1,13.053761207142855,77.48373515238096,12.23
88618925b9fffff,321,6191.59,19.288442367601245,87,12.94838934192448,77.589602012695,12.21
8860145a67fffff,64,1288.87,20.13859375,12,12.95911376875,77.5601090171875,12.21
8861892289fffff,53,1066.72,20.126792452830188,9,12.883524227138668,77.75243979857724,12.18
8861892e97fffff,731,13055.15,17.859302325581396,25,12.993868667031462,77.60921523009576,12.16
88618920edfffff,21,424.09,20.194761904761908,8,12.943933990476191,77.74917412380952,12.16
8861892f51fffff,27,544.45,20.164814814814815,3,13.025261025925928,77.71876198518518,12.15
8860145859fffff,478,8918.91,18.658807531380752,45,12.96096145041841,77.51180668054394,12.14
8861892ec9fffff,212,4133.29,19.496650943396222,6,12.970063708250157,77.65222456992122,12.12
8861892ea9fffff,9,181.48,20.16444444444444,1,13.00741498888889,77.64084738888889,12.12
8861892ecbfffff,1620,23962.52,14.79167901234568,197,12.970235800584131,77.64473647873481,12.08
8860145901fffff,183,3574.3,19.53169398907104,24,13.047501237158473,77.54523440163935,12.08
8861892197fffff,7,140.74,20.10571428571429,0,12.990935314285716,77.72191452857143,12.08
8860145917fffff,63,1253.74,19.90063492063492,26,13.04581539217763,77.5222697621795,12.07
88601692a5fffff,6,120.38,20.063333333333333,1,13.1830112,77.67647545,12.05
88618925adfffff,54,1074.13,19.891296296296293,10,12.96220867222222,77.61530585925927,12.04
8861892645fffff,36,716.71,19.908611111111117,3,12.828173025,77.68199256944445,12.02
8861892ccbfffff,36,716.6800000000001,19.90777777777778,2,13.021155875,77.61438418888889,12.02
8860169009fffff,26,518.56,19.944615384615386,4,13.196337730769232,77.69940201153847,12.02
8861892e05fffff,60,1188.13,19.80216666666667,51,12.998287386666668,77.69313414833333,12.0
8860145b27fffff,304,5772.66,18.989013157894732,13,13.027719910526317,77.57473965625,11.99
88601459cdfffff,6,119.45,19.90833333333333,1,13.031835583333333,77.51265188333333,11.96
886014586bfffff,4,79.64,19.91,1,12.9943468,77.5331262,11.95
88601459b9fffff,39,770.42,19.75435897435897,1,13.057149297435895,77.47343236666667,11.93
88618920b5fffff,7,138.9,19.842857142857145,0,12.96329207142857,77.70889434285714,11.92
8860145ae1fffff,7,138.9,19.842857142857145,0,12.948200902743482,77.50593293373886,11.92
8861892da3fffff,315,5920.72,18.79593650793651,136,13.121574652857143,77.63110965857143,11.9
886189253dfffff,113,2196.24,19.435752212389374,12,12.957546752319532,77.65338392155489,11.89
88618925edfffff,15,296.32,19.754666666666665,0,12.947362606666667,77.62838142666666,11.88
8861892523fffff,167,3212.0,19.233532934131738,16,12.963342575408616,77.65740637463675,11.87
8861892eddfffff,377,6980.89,18.51694960212202,48,12.96992159771837,77.63823158115387,11.86
8860145b61fffff,261,4929.72,18.887816091954026,35,13.002158906896552,77.59546566666667,11.85
8860145b49fffff,1272,19758.94,15.53375786163522,117,12.971083382218726,77.59641769803305,11.84
8860145335fffff,75,1461.1,19.48133333333333,0,12.861868570666669,77.52999786666668,11.84
8861892c31fffff,34,666.7,19.608823529411765,0,13.060640805882354,77.64899260588236,11.83
88618920cbfffff,8,157.42,19.6775,0,12.9193069625,77.73621878750001,11.82
88601459b1fffff,60,1167.6,19.46,9,13.05850525,77.46717685666665,11.79
886016900bfffff,9,175.94,19.54888888888889,1,13.196787466666668,77.68990994444444,11.75
8861892db7fffff,178,3377.88,18.97685393258427,20,13.121322029213482,77.61257344101124,11.74
8860145a45fffff,15,292.58,19.505333333333333,0,12.93550839362428,77.56204051111148,11.73
8860169047fffff,51,987.12,19.35529411764706,7,13.19681591764706,77.70648291568627,11.71
8861892587fffff,413,7493.26,18.14348668280872,36,12.947800217675546,77.59714247893463,11.7
88618921adfffff,47,909.32,19.34723404255319,3,13.0153511,77.76152931914893,11.7
8861892ce1fffff,13,251.85,19.373076923076923,3,13.055422853846151,77.62362153076923,11.65
8861892e43fffff,97,1851.92,19.0919587628866,0,12.97731604092877,77.69672925592458,11.65
8861892ec1fffff,136,2577.97,18.95566176470588,7,12.979576116176473,77.65016653382354,11.64
8861892c4bfffff,21,405.56,19.312380952380952,2,13.02060618123824,77.67636007809524,11.63
8861892533fffff,9,174.08,19.342222222222222,0,12.958894955555555,77.6383363,11.62
8860169055fffff,12,231.5,19.291666666666668,0,13.184469183333333,77.69356842500001,11.6
88618925dbfffff,26,499.98,19.23,0,12.909662826923077,77.59284808846154,11.59
8860169057fffff,201,3744.74,18.630547263681592,1,13.184088114925371,77.68684167512437,11.58
8861892f53fffff,43,824.14,19.166046511627908,8,13.019512531554088,77.7088172420113,11.58
8860145b39fffff,167,3129.52,18.739640718562875,6,12.998900747305388,77.56056013892216,11.57
8860145a09fffff,5,96.3,19.26,0,12.93119936,77.5448933,11.57
886014591bfffff,28,537.08,19.18142857142857,0,13.027914557142855,77.5188609,11.56
886189209dfffff,15,287.95,19.196666666666665,2,12.936148966666668,77.70568456000001,11.55
8861892ed9fffff,97,1833.29,18.89989690721649,9,12.961320846552026,77.63562220086952,11.53
8861892e69fffff,131,2450.97,18.709694656488548,20,12.992919398301693,77.71696402311386,11.49
886189258bfffff,76,1436.98,18.90763157894737,5,12.935966181578948,77.60071750526316,11.49
8861892715fffff,17,324.06,19.06235294117647,0,12.889085996848602,77.67145479294922,11.47
8860145985fffff,64,1209.32,18.895625,5,13.051892663510513,77.48916705647355,11.46
88618924b1fffff,7,133.34,19.048571428571428,2,12.905911642857143,77.55816121428572,11.44
8861892c39fffff,29,550.02,18.966206896551725,3,13.056400455172415,77.65054816896551,11.44
8861892603fffff,37,700.0,18.91891891891892,3,12.840470102702705,77.65152718108108,11.42
8860145b6dfffff,58,1088.95,18.775,7,12.998907262068965,77.60363364655173,11.38
8861892ebbfffff,1069,16445.98,15.3844527595884,87,12.999655638914874,77.61157131365762,11.35
88618921d5fffff,64,1194.54,18.6646875,9,12.97827051875,77.751313428125,11.33
8861892eb1fffff,72,1342.52,18.64611111111111,12,13.00697842361111,77.61392727222223,11.33
8860145a15fffff,314,5597.13,17.825254777070064,42,12.941690250955414,77.52535479299362,11.32
88618926b5fffff,77,1432.4,18.602597402597404,11,12.857321293822771,77.58903812863693,11.31
8861892ed5fffff,353,6239.44,17.675467422096315,18,12.979123745889735,77.6298985112892,11.3
8860145945fffff,78,1448.22,18.56692307692308,1,13.037138598717949,77.56680991025641,11.29
88618925bdfffff,313,5557.3,17.754952076677316,2,12.954767359744409,77.59256517635782,11.27
8860145a61fffff,65,1205.64,18.54830769230769,0,12.946746186153844,77.56706384615384,11.26
8861892493fffff,68,1259.25,18.518382352941178,2,12.880014815476535,77.5454716399602,11.25
8860145a21fffff,304,5392.21,17.73753289473684,33,12.964641555921052,77.54958412039473,11.24
8860169051fffff,61,1129.72,18.52,0,13.184175632786884,77.68991881147541,11.23
8861892db5fffff,85,1563.01,18.38835294117647,5,13.12158945647059,77.62168943294118,11.2
886014585bfffff,60,1107.42,18.457,5,12.962889621666667,77.506551445,11.19
8860145b29fffff,316,5563.98,17.60753164556962,32,13.00769461613924,77.58049543481013,11.19
88618924b7fffff,166,2992.74,18.02855421686747,37,12.91048776137596,77.55091384304983,11.15
8861892c9bfffff,424,7277.82,17.164669811320753,11,13.027646109980148,77.57872184393388,11.14
8860145b21fffff,10,185.2,18.52,0,13.01456948,77.5752237,11.13
88601690d5fffff,7,129.64,18.52,0,13.187106242857142,77.63956084285714,11.13
8861892081fffff,10,185.2,18.52,0,12.93869526,77.71804882,11.13
8861892727fffff,10,185.2,18.52,0,12.91794349,77.68759073999999,11.13
88618926bdfffff,11,203.72,18.52,4,12.852455154545456,77.58849876363637,11.13
8861892e5bfffff,7,129.64,18.52,0,12.96079702857143,77.68173284285714,11.13
886016965bfffff,10,185.2,18.52,0,13.06735366,77.56983191,11.13
88618934a5fffff,7,129.64,18.52,0,12.81143855714286,77.69434148571428,11.13
8861892f67fffff,6,111.12,18.52,0,13.061882849999998,77.74165995,11.12
8860144a2dfffff,4,74.08,18.52,0,13.07107965,77.443322975,11.12
88601451e5fffff,3,55.56,18.52,0,12.905856366666669,77.47566493333333,11.12
88601451e3fffff,2,37.04,18.52,0,12.8998718,77.46602825,11.12
8861892417fffff,3,55.56,18.52,0,12.8913873,77.60624303333333,11.12
8861892431fffff,4,74.08,18.52,0,12.9053023,77.61175829999999,11.12
886016905dfffff,5,92.6,18.52,0,13.1820686,77.6958299,11.12
8860169027fffff,2,37.04,18.52,0,13.2302231,77.6933171,11.12
8860169001fffff,2,37.04,18.52,0,13.1985191,77.69554045000001,11.12
8860169003fffff,3,55.56,18.52,0,13.199613833333332,77.68727716666666,11.12
8860169157fffff,3,55.56,18.52,0,13.244062833333333,77.7157889,11.12
88601690e9fffff,6,111.12,18.52,0,13.201357083333331,77.6620922,11.12
8861892601fffff,2,37.04,18.52,0,12.8379749,77.65999585,11.12
886014593dfffff,2,37.04,18.52,0,13.0637795,77.5342775,11.12
8861892c91fffff,3,55.56,18.52,0,13.042487,77.5820662,11.12
8860145addfffff,2,37.04,18.52,0,12.9160046,77.49010365000001,11.12
8861892cc3fffff,4,74.08,18.52,0,13.02659885,77.612090675,11.12
8861892d81fffff,2,37.04,18.52,0,13.097197349999998,77.6338808,11.12
8861892dc9fffff,2,37.04,18.52,0,13.0736507,77.6516437,11.12
8860145ad7fffff,2,37.04,18.52,0,12.92464465,77.47477330000001,11.12
8861892d87fffff,2,37.04,18.52,0,13.102264300000002,77.63160355,11.12
8861892d89fffff,3,55.56,18.52,0,13.090880533333332,77.63562593333334,11.12
8861892ce3fffff,2,37.04,18.52,0,13.05370515,77.6211441,11.12
8860169659fffff,2,37.04,18.52,0,13.0700571,77.57612245,11.12
886189272dfffff,3,55.56,18.52,0,12.90915890859921,77.70451985299587,11.12
88618920c5fffff,3,55.56,18.52,0,12.932931933333334,77.74241726666666,11.12
8861892e63fffff,2,37.04,18.52,0,12.99817255,77.70155155,11.12
8861892f61fffff,3,55.56,18.52,0,13.055282266666666,77.74544146666666,11.12
8861892193fffff,2,37.04,18.52,0,12.98141605,77.72073474999999,11.12
8860145903fffff,2,37.04,18.52,0,13.0454341,77.53930550000001,11.12
8860145907fffff,3,55.56,18.52,0,13.054616566666668,77.53756946666667,11.12
8860169231fffff,2,37.04,18.52,0,13.16602585,77.70994164999999,11.12
8861892f2dfffff,1,18.52,18.52,0,13.063394,77.7361362,11.11
886189271dfffff,1,18.52,18.52,0,12.8817929,77.6731186,11.11
8860145a37fffff,1,18.52,18.52,0,12.96623,77.5235105,11.11
8860145931fffff,1,18.52,18.52,0,13.0602927,77.53133,11.11
8861892559fffff,1,18.52,18.52,0,12.9099629,77.6641712,11.11
8861892013fffff,1,18.52,18.52,0,12.93600269327434,77.74866616520504,11.11
8861892a95fffff,1,18.52,18.52,0,13.044354,77.7605374,11.11
8860169693fffff,1,18.52,18.52,0,13.0933702,77.488978,11.11
8861892dabfffff,1,18.52,18.52,0,13.1144957,77.6341878,11.11
886189263dfffff,1,18.52,18.52,0,12.84996,77.6518967,11.11
8861892e57fffff,1,18.52,18.52,0,12.9792733,77.6796118,11.11
8860145acdfffff,1,18.52,18.52,0,12.9278673,77.511322,11.11
88601692b1fffff,1,18.52,18.52,0,13.1628009,77.6448425,11.11
8861892629fffff,1,18.52,18.52,0,12.8486901,77.6710521,11.11
8861892583fffff,346,6010.42,17.37115606936416,15,12.942789648205329,77.59426901736994,11.11
886016944dfffff,1,18.52,18.52,0,13.1341042,77.5700802,11.11
8860169221fffff,1,18.52,18.52,0,13.174255,77.7282783,11.11
8860145961fffff,1,18.52,18.52,0,13.0522291,77.5681241,11.11
8861892f4dfffff,1,18.52,18.52,0,13.0282733,77.7507203,11.11
8861892edbfffff,1,18.52,18.52,0,12.9658486,77.6257442,11.11
88618921dbfffff,1,18.52,18.52,0,12.9661117,77.7433667,11.11
8860145921fffff,1,18.52,18.52,0,13.0664254,77.5524418,11.11
8860169017fffff,1,18.52,18.52,0,13.19835,77.6705883,11.11
88618921ddfffff,1,18.52,18.52,0,12.968793564429724,77.75544575173693,11.11
886016906bfffff,1,18.52,18.52,0,13.1999178,77.7086282,11.11
8861892281fffff,1,18.52,18.52,0,12.8852117,77.746775,11.11
8860145129fffff,1,18.52,18.52,0,12.9026833,77.5190814,11.11
8860145185fffff,1,18.52,18.52,0,12.8963282,77.4548149,11.11
8861892415fffff,1,18.52,18.52,0,12.889229,77.6107718,11.11
88618920b1fffff,1576,20962.94,13.301357868020304,180,12.957262542944468,77.70163577805695,11.1
8860145b67fffff,141,2536.93,17.99241134751773,16,13.007245227659574,77.59291201631206,11.07
8861892e13fffff,25,459.19,18.3676,1,12.98850592,77.663599268,11.07
8860169665fffff,20,366.65,18.3325,1,13.11100396,77.60452874,11.04
88601458c5fffff,85,1540.67,18.125529411764703,7,12.98627957142474,77.47794786670588,11.04
8860145851fffff,240,4221.41,17.589208333333332,24,12.9723115825,77.50886466708333,11.03
88601690d9fffff,19,348.18,18.32526315789474,2,13.175530910526316,77.63548555263158,11.03
8861892621fffff,95,1713.86,18.04063157894737,25,12.855668510065724,77.66431505180425,11.01
8860145a23fffff,2431,25076.15,10.315158371040724,109,12.964921996252905,77.53886462065603,11.0
8861892639fffff,2079,23866.26,11.47968253968254,464,12.841871691565563,77.64595097528111,11.0
8860145b45fffff,647,10472.03,16.185517774343122,31,12.987472819819752,77.59491214486441,10.99
88618920e9fffff,165,2912.84,17.65357575757576,15,12.940754327878787,77.74709762484848,10.92
88618924b3fffff,136,2412.76,17.740882352941174,5,12.906718880090263,77.54589490021084,10.91
88618920bdfffff,420,7051.92,16.790285714285716,56,12.956873003110411,77.71379741330311,10.91
8861892491fffff,44,792.6,18.013636363636365,0,12.883274917145265,77.54927577865054,10.9
886189243dfffff,44,792.49,18.011136363636364,2,12.903044286363636,77.62518877045454,10.89
8860145b0dfffff,409,6859.46,16.771295843520782,6,12.996431925981817,77.583669553371,10.87
8860145ae5fffff,11,198.16,18.014545454545456,1,12.96099308181818,77.50994897272727,10.83
88618924a7fffff,573,9257.9,16.156893542757416,41,12.917119229100564,77.57356281436077,10.83
8861892c99fffff,613,9817.21,16.015024469820553,21,13.032038348367564,77.58777580944438,10.82
8860145837fffff,61,1086.94,17.818688524590165,1,13.01413771147541,77.4921550590164,10.81
8861892cb9fffff,663,10482.05,15.81003016591252,120,13.052176494648814,77.59289950012534,10.8
88618924e5fffff,85,1505.56,17.712470588235295,1,12.902841343529412,77.59493092235294,10.8
8861892e8bfffff,24,429.62,17.900833333333335,4,12.981376437500002,77.62847713333333,10.79
88618925c7fffff,1483,19422.28,13.096614969656102,219,12.935303658934592,77.61523782218477,10.79
8861892495fffff,9,161.12,17.90222222222222,0,12.885812953340093,77.55655736483283,10.76
886016976bfffff,12,214.82,17.901666666666667,1,13.150004866666668,77.61950624166667,10.76
8860145951fffff,95,1673.09,17.611473684210527,10,13.023232718247394,77.54101166656064,10.75
8860144b5bfffff,21,374.12,17.815238095238094,5,13.06828698095238,77.44862043333333,10.73
8861892c15fffff,11,196.3,17.845454545454547,2,13.048585254545456,77.64539769090908,10.73
8860145a6dfffff,1159,16262.66,14.0316307161346,33,12.945990066859864,77.57192038607171,10.71
8861892723fffff,138,2397.29,17.371666666666666,4,12.910553792028985,77.68511456304348,10.7
886189244dfffff,458,7467.269999999999,16.304082969432315,47,12.870778119129016,77.65488416152952,10.69
8860145a03fffff,73,1281.47,17.554383561643835,14,12.939478493150686,77.53372805068493,10.68
8861892599fffff,1183,16436.59,13.893989856297548,60,12.92718951038572,77.5847776208399,10.68
88618924a9fffff,48,846.27,17.630625,7,12.906061669121389,77.58030538028498,10.67
8860145b1dfffff,539,8572.55,15.904545454545453,18,12.984450945415466,77.56052007470562,10.61
8860145b4dfffff,2772,23624.8,8.522655122655122,87,12.980863116275442,77.59918976001836,10.6
8861892e85fffff,32,561.04,17.5325,2,13.0024456875,77.634124846875,10.58
886016966dfffff,30,525.9399999999999,17.531333333333333,0,13.107003806666668,77.60292075000001,10.58
8860169015fffff,36,629.66,17.490555555555556,0,13.201668944444444,77.67866844166667,10.57
88618920b7fffff,306,5077.76,16.593986928104577,22,12.960876122397917,77.70155349484342,10.56
886016964bfffff,3741,19715.62,5.270147019513499,164,13.071400294946196,77.58813951721197,10.56
8860145a5dfffff,4,70.36,17.59,0,12.915645886731438,77.54686285929924,10.56
886189246bfffff,39,679.62,17.426153846153845,3,12.887618261880128,77.64905895340692,10.53
88618921d1fffff,76,1314.86,17.30078947368421,0,12.96939188234574,77.74991991271986,10.53
88618926b1fffff,11,192.6,17.509090909090908,0,12.85091378181818,77.58811493636364,10.53
8860145b19fffff,1951,21592.33,11.067314197847256,93,12.977688730993338,77.55774400592142,10.5
88601696dbfffff,6,104.63,17.438333333333333,1,13.070180983333332,77.50391241666667,10.47
8860145b1bfffff,1777,20606.25,11.59608891389983,103,12.976880451327602,77.54733957302454,10.47
8860145b41fffff,917,13162.52,14.353893129770992,147,12.978520151210969,77.59034597665374,10.43
886189258dfffff,121,2053.72,16.97289256198347,24,12.940043965289256,77.6097593192562,10.42
8861892731fffff,344,5584.34,16.233546511627907,81,12.90097622877907,77.6755636872093,10.42
8861892ab9fffff,9,155.55,17.283333333333335,0,13.056028555555557,77.76627232222222,10.39
8860145827fffff,9,155.56,17.284444444444446,0,13.025993411111113,77.51358415185184,10.39
8860169605fffff,3,51.86,17.286666666666665,1,13.1075934,77.58117036666665,10.38
886016900dfffff,30,514.84,17.161333333333335,0,13.199395166666667,77.70322675333334,10.36
88618924e7fffff,184,3063.03,16.64690217391304,20,12.905277695108694,77.58826702608695,10.35
8860145a3dfffff,29,496.26,17.11241379310345,7,12.956445568965515,77.53611900344826,10.32
8861892427fffff,71,1203.69,16.95338028169014,4,12.915961483769388,77.63176990764,10.31
8861892ea1fffff,23,392.6,17.069565217391304,0,13.0170466,77.63897221304347,10.29
8861892ea3fffff,65,1099.97,16.922615384615384,5,13.01355552153846,77.62679732153846,10.28
8861892425fffff,142,2361.11,16.627535211267606,17,12.917391180985916,77.63844540633802,10.26
8861892719fffff,71,1198.06,16.87408450704225,1,12.875619752112677,77.67084454788731,10.26
8860145a0dfffff,69,1164.72,16.88,6,12.940327914492752,77.5498854115942,10.26
8861892557fffff,142,2355.6,16.588732394366197,5,12.92335199547862,77.6513557428354,10.23
8861892ed1fffff,270,4362.94,16.159037037037034,1,12.971868464074074,77.62773485666666,10.23
8861892597fffff,497,7607.26,15.30635814889336,4,12.939569054558584,77.5762797773694,10.17
886189219bfffff,30,505.56,16.852,0,12.980286333333334,77.72588859999999,10.17
8860145b0bfffff,206,3346.04,16.242912621359224,23,12.986937845145633,77.57094407281554,10.15
88618935b5fffff,9,151.86,16.87333333333333,0,12.859907355555556,77.70363716666667,10.14
8860145849fffff,1993,20527.54,10.299819367787256,121,12.970000843583106,77.537071898231,10.12
8860145a13fffff,422,6525.53,15.463341232227489,40,12.934824606229702,77.51680537907349,10.11
8860145a33fffff,545,8204.93,15.054917431192662,101,12.957265000680987,77.51879358382473,10.11
88618924e3fffff,63,1048.15,16.63730158730159,16,12.89928461904762,77.58576321746031,10.11
886189266dfffff,19,318.5,16.763157894736842,1,12.843111042105264,77.68740289473685,10.1
88601459e1fffff,181,2937.15,16.227348066298344,26,13.053528399447512,77.50763031933703,10.09
88618925d7fffff,92,1513.85,16.454891304347825,9,12.92758926847826,77.59540672934783,10.05
8861892e67fffff,34,564.76,16.610588235294117,2,13.004791085294116,77.70973898235295,10.03
8861892dd1fffff,10,166.66,16.666,0,13.07435744,77.63366524,10.02
8861892eb9fffff,186,2992.44,16.088387096774195,30,12.9999193172043,77.62019087473118,10.02
8861892cadfffff,3,50.0,16.666666666666668,1,13.070910566666669,77.62031363333334,10.01
8861892543fffff,178,2860.96,16.072808988764045,9,12.923765874235782,77.67089277629213,10.0
8860145969fffff,158,2550.97,16.14537974683544,11,13.04687721835443,77.57242530886076,10.0
8860145a85fffff,23,381.46,16.585217391304347,0,12.947709621739133,77.48809036086956,10.0
8861892c51fffff,66,1083.28,16.413333333333334,5,13.022106327594775,77.65767724867621,9.98
88618925c5fffff,140,2260.9900000000002,16.149928571428575,9,12.933616792805756,77.62265826834532,9.97
8861892711fffff,9,148.14,16.459999999999997,0,12.878783266666666,77.67202658888888,9.89
8861892565fffff,9,148.14,16.459999999999997,0,12.955095122222222,77.68804706666667,9.89
8861892e2dfffff,29,474.99,16.37896551724138,9,13.01778578275862,77.70525135172414,9.88
8860145947fffff,179,2842.35,15.879050279329608,15,13.034758365617824,77.55743245297523,9.88
8860145a69fffff,1769,18799.3,10.627077444884115,171,12.942732083731611,77.57014171580985,9.88
8861892c8dfffff,41,668.5,16.304878048780488,1,13.04204981707317,77.613477,9.86
8861892185fffff,97,1557.38,16.05546391752577,0,13.0030434471192,77.75709702030619,9.83
8860145b6bfffff,3124,18919.66,6.05622919334187,309,12.992589261923948,77.58913231485309,9.81
8860169621fffff,19,309.22,16.274736842105263,1,13.117227,77.57791957894737,9.8
88618920adfffff,142,2251.91,15.858521126760564,23,12.962884598806204,77.73293970875498,9.8
8860169627fffff,5,81.48,16.296,2,13.12697856,77.57307786,9.79
8860145aa5fffff,13,211.1,16.23846153846154,0,12.970027784615384,77.49562797692307,9.77
8861892db3fffff,13,211.12,16.240000000000002,0,13.11523626923077,77.60694492307692,9.77
8860169661fffff,12,194.44,16.203333333333333,1,13.105436628592797,77.60024283437916,9.75
8861892513fffff,761,10401.65,13.668396846254929,128,12.932312918002626,77.63168060762155,9.71
886014598dfffff,206,3187.02,15.470970873786408,45,13.049308422475727,77.49644200346278,9.69
8861892729fffff,134,2096.24,15.643582089552238,7,12.906176719089824,77.69828856938638,9.65
886014592bfffff,112,1757.38,15.690892857142856,2,13.057621772321427,77.54656510178572,9.64
8860145847fffff,97,1527.61,15.748556701030926,6,12.984360647590062,77.52809835670352,9.64
8861892ec3fffff,603,8470.85,14.047844112769486,22,12.978633398501987,77.6401197545885,9.62
88618925a1fffff,97,1524.06,15.711958762886598,5,12.966210331197402,77.60709364882257,9.62
88601459ebfffff,327,4882.92,14.932477064220183,72,13.046314182262996,77.50357427706422,9.61
8860145865fffff,272,4109.93,15.110036764705884,20,13.008756472058824,77.54302392610295,9.6
8861892725fffff,29,461.08,15.899310344827583,5,12.915535541379311,77.69870208965516,9.6
8861892589fffff,807,10755.83,13.32816604708798,141,12.932675817100373,77.6071738432466,9.59
88618924bdfffff,5,79.64,15.928,1,12.902862960000002,77.56642642,9.57
8861892cdbfffff,125,1940.67,15.52536,16,13.017232264,77.59248382160001,9.56
88618925ebfffff,247,3735.03,15.12157894736842,39,12.940673778137652,77.62088903684212,9.56
88618925a7fffff,1065,13206.79,12.400741784037558,199,12.97089699000276,77.60509801557494,9.55
8861892e03fffff,7,111.1,15.87142857142857,0,12.993481785601515,77.68564639616946,9.54
8861892735fffff,389,5686.78,14.618971722365036,39,12.912604639152583,77.67892551333705,9.54
8860169653fffff,11,174.07999999999998,15.825454545454544,0,13.07788791818182,77.5592476090909,9.52
8860145b53fffff,632,8694.85,13.757674050632913,48,12.975394149597207,77.56103593775316,9.51
886016911dfffff,104,1609.2,15.473076923076924,3,13.245599725000002,77.71367513942307,9.49
8860145121fffff,8,125.92,15.74,0,12.911268825,77.5136514125,9.46
8861892525fffff,2,31.48,15.74,1,12.9740639,77.672739,9.45
886189256bfffff,4,62.96,15.74,1,12.9442735,77.68021562499999,9.45
8861892e19fffff,2,31.48,15.74,0,12.9735497,77.6742773,9.45
8861892cd7fffff,4,62.96,15.739999999999998,0,13.029783825,77.59339192499999,9.45
8860145941fffff,238,3551.7,14.923109243697478,18,13.03158187197922,77.56037553083804,9.42
88601459b3fffff,40,622.16,15.553999999999998,0,13.0607409125,77.4613461825,9.41
8861892ee9fffff,419,5977.77,14.266754176610975,123,12.993117591332034,77.66094473874685,9.39
8861892eadfffff,7,109.26,15.608571428571429,0,13.013503042857142,77.64694164285716,9.38
8860145939fffff,74,1136.97,15.36445945945946,9,13.055045044594596,77.53473802162162,9.37
8860145a25fffff,2816,17769.0,6.310014204545454,138,12.973607045632104,77.55105395411933,9.36
8861892739fffff,386,5525.39,14.314481865284977,63,12.898210316322285,77.675508882966,9.35
8861892c35fffff,34,525.9399999999999,15.468823529411765,0,13.06426759117647,77.65106184411763,9.35
886014584dfffff,434,6128.97,14.12205069124424,9,12.978602139910672,77.5421532745852,9.33
8861892527fffff,1198,13855.65,11.565651085141903,132,12.97173199421456,77.65810981437689,9.31
886189254bfffff,302,4378.26,14.497549668874171,21,12.917524639952122,77.6723807660596,9.3
886014586dfffff,1306,14609.09,11.18613323124043,61,12.998548018736871,77.54436169131704,9.3
886014594bfffff,240,3530.84,14.711833333333336,15,13.01944992472453,77.55708430360278,9.3
886014580bfffff,92,1398.04,15.19608695652174,15,12.988945757608697,77.50796781413044,9.3
8861892dd5fffff,112,1690.57,15.094375,21,13.083908886607144,77.63652063303572,9.28
88618924adfffff,376,5350.7,14.230585106382978,49,12.912053084156575,77.58569915705046,9.28
8861892e4bfffff,147,2199.97,14.96578231292517,5,12.969034510671792,77.70106303279634,9.27
8860169747fffff,139,2083.37,14.988273381294963,61,13.143383110647482,77.61783318251798,9.27
88618924c5fffff,101,1522.97,15.078910891089109,11,12.881669732887078,77.59584789801468,9.25
8861892767fffff,175,2596.32,14.836114285714286,33,12.90320288095128,77.70515851149148,9.25
8861892e95fffff,1358,14849.22,10.93462444771723,195,12.995336824815904,77.6142857787187,9.25
8860145a65fffff,349,4953.24,14.192664756446993,16,12.957132362285025,77.56918942940247,9.21
8861892737fffff,24,364.74,15.1975,1,12.913777141666666,77.66655255416667,9.17
88618924a5fffff,455,6241.16,13.716835164835164,26,12.919216713406596,77.58041106263737,9.13
8861892095fffff,317,4464.5,14.083596214511042,37,12.9373708020179,77.70161546702681,9.08
8861892e89fffff,57,851.84,14.944561403508771,8,12.983435841287152,77.63990513994561,9.08
886014591dfffff,36,538.88,14.96888888888889,0,13.037037419444443,77.53510009722223,9.05
8861892c1bfffff,20,300.0,15.0,6,13.03221149,77.636949235,9.04
8861892e9dfffff,224,3205.29,14.309330357142857,14,12.987376203937655,77.618655933053,9.03
8861892dd9fffff,118,1729.54,14.657118644067795,17,13.071372804237289,77.63367123559323,9.03
8860145845fffff,821,10100.35,12.302496954933009,73,12.987966660787814,77.5375590882307,9.01
8861892ebdfffff,129,1868.58,14.485116279069766,28,13.007457989147287,77.6219978643411,8.95
886189359bfffff,126,1824.1,14.476984126984126,31,12.818563835714285,77.68923014444444,8.94
886189255dfffff,368,5034.85,13.681657608695652,39,12.920826347502832,77.66579220869023,8.94
886189276dfffff,174,2487.69,14.297068965517242,16,12.896648908045975,77.72005069310345,8.92
88618921d3fffff,11,162.96,14.814545454545454,1,12.969461643988318,77.73706718199647,8.91
88618924ebfffff,4,59.26,14.815,0,12.8893358,77.591624975,8.9
8861892cd5fffff,4,59.26,14.815,0,13.030670575,77.6064729,8.9
8861892519fffff,21,309.26,14.726666666666668,2,12.92182751904762,77.6451271047619,8.88
8860169761fffff,29,425.98,14.68896551724138,16,13.161279831034484,77.62652933448275,8.87
8861892cb5fffff,1257,13364.36,10.63194908512331,62,13.07033858690875,77.59041420227533,8.87
8860169601fffff,140,1983.19,14.165642857142858,4,13.098943192142857,77.57657431285715,8.78
88618925d1fffff,293,4005.33,13.670068259385664,43,12.91773794778157,77.596995,8.78
8861892421fffff,2050,16096.98,7.852185365853658,570,12.912053198709929,77.63605670402576,8.77
886189259dfffff,199,2770.26,13.920904522613064,11,12.931693807537687,77.58763209095477,8.75
8860145a8dfffff,78,1116.62,14.315641025641025,1,12.939534839743589,77.49324892179487,8.74
8861892c5bfffff,27,390.74,14.471851851851852,5,13.018793909450844,77.65501211325228,8.74
8861892cedfffff,26,375.91,14.458076923076923,9,13.053200157692308,77.63149048076923,8.73
8861892c3dfffff,71,1010.17,14.22774647887324,14,13.06043057605634,77.65207685352114,8.68
88618921c5fffff,18,259.26,14.403333333333332,3,12.983466883333334,77.76834422222221,8.68
88618925abfffff,45,644.4,14.32,6,12.958234857777777,77.60251235333332,8.68
88618924c9fffff,5,72.22,14.444,0,12.86601934,77.59185696,8.68
8860169603fffff,43,614.74,14.296279069767442,1,13.097930583720933,77.56693094418604,8.66
88618920b3fffff,87,1229.57,14.132988505747123,7,12.956391748103238,77.69610421010043,8.65
8860145165fffff,77,1088.81,14.14038961038961,8,12.906115849353029,77.54185395877171,8.64
8861892c81fffff,12,172.22,14.351666666666668,1,13.044693058333332,77.601448375,8.63
8861892461fffff,18,257.38,14.29888888888889,2,12.898943705555556,77.65112155555556,8.61
8860145a41fffff,20,285.2,14.26,4,12.923215500914628,77.56149055532653,8.6
8860145a87fffff,6,85.18,14.196666666666667,1,12.9515689,77.48028238333333,8.53
8860145b23fffff,28,395.37,14.120357142857143,2,13.012645939285717,77.57003285357143,8.53
8861892521fffff,27,381.48,14.12888888888889,0,12.960007837037038,77.66619153703704,8.53
8861892cd1fffff,25,349.94,13.9976,1,13.022632568,77.60114558000001,8.45
8861892439fffff,14,196.28,14.02,0,12.89539823594466,77.6197934834153,8.44
88601459e9fffff,121,1651.65,13.65,9,13.045134192561983,77.50844008347107,8.43
8861892c59fffff,11,153.7,13.97272727272727,1,13.013258239727636,77.66184043011206,8.41
8861892f5bfffff,12,167.59,13.965833333333334,3,13.015727558333332,77.709378075,8.4
8860145b3dfffff,806,9137.53,11.336885856079403,50,13.00629493796526,77.568405041067,8.4
8860145853fffff,14,194.44,13.888571428571428,0,12.968837385714286,77.5005902857143,8.36
88601459adfffff,4,55.56,13.89,2,13.066685625,77.503288775,8.34
886014594dfffff,623,7367.89,11.826468699839486,25,13.028718781380418,77.57213753723917,8.33
88618921a9fffff,121,1607.3,13.283471074380165,4,13.007460988429752,77.75778888677686,8.21
8860169739fffff,18,244.44,13.58,0,13.160774227777775,77.59561080555555,8.18
88618921a5fffff,12,162.96,13.58,0,13.020627041666666,77.76217858333334,8.17
8861892cebfffff,9,122.22,13.58,0,13.04135297777778,77.62157388888889,8.17
886016962bfffff,30,403.68,13.456,4,13.115998613333334,77.57824036000001,8.13
8860145a47fffff,28,375.9,13.425,0,12.935593667857145,77.55678935,8.11
886189246dfffff,88,1156.41,13.141022727272729,12,12.89518934255532,77.65754041464724,8.06
886014592dfffff,10,133.32,13.332,2,13.0697104,77.557175,8.02
8861892c97fffff,959,9675.76,10.089426485922836,225,13.047498952137644,77.5760904721585,7.95
8861892189fffff,68,877.72,12.90764705882353,7,12.983453297058825,77.75212191029412,7.88
8861892581fffff,211,2618.15,12.40829383886256,14,12.938054669668244,77.60188082654028,7.86
8861892437fffff,349,4158.7,11.916045845272206,17,12.91359831948424,77.60798661719198,7.84
8861892cd3fffff,536,6014.97,11.22195895522388,35,13.023211172014928,77.59258077649254,7.79
88601458edfffff,63,801.7,12.725396825396826,0,12.99992578095238,77.48849232857144,7.76
8861892f47fffff,104,1306.38,12.561346153846156,13,13.0354406375,77.73536159711539,7.74
8860145a1bfffff,13,166.66,12.82,0,12.925555153846156,77.5166635923077,7.72
8861892ca7fffff,20,255.58,12.779,5,13.07258209,77.60411605499999,7.71
88618925bbfffff,283,3349.68,11.836325088339224,4,12.948355532155476,77.5801013402827,7.66
8860145b63fffff,84,1040.64,12.388571428571428,4,12.999210426190476,77.58406117738096,7.6
8861892e33fffff,5,62.96,12.592,0,13.00928558,77.66441954,7.57
8861892ce5fffff,8,100.0,12.5,2,13.0593794,77.628702475,7.52
886189242dfffff,239,2813.58,11.772301255230126,15,12.910832539495798,77.64446749663867,7.54
8860145905fffff,298,3427.32,11.501073825503356,10,13.053088788590603,77.55067562583892,7.49
8860145841fffff,136,1627.54,11.96720588235294,3,12.9777266102909,77.53194903188557,7.45
8861892c11fffff,3,37.04,12.346666666666666,2,13.0398489,77.64143016666667,7.41
8860145869fffff,303,3435.79,11.33924092409241,22,12.993829421122111,77.5391943280528,7.4
8861892abbfffff,101,1210.92,11.98930693069307,7,13.054236367326732,77.76284555445544,7.39
8861892593fffff,18,220.38,12.243333333333332,5,12.933284352069768,77.57389870723685,7.38
8861892433fffff,17,207.38,12.198823529411763,0,12.905703488235291,77.60261832352941,7.35
886014584bfffff,12,146.29999999999998,12.191666666666665,3,12.973012083333332,77.52863095,7.34
88618934adfffff,41,494.42,12.059024390243902,1,12.806349114634148,77.69844359268293,7.32
886189264dfffff,104,1229.48,11.821923076923078,2,12.82085329326923,77.68712454326923,7.3
88618924e9fffff,81,961.0,11.864197530864198,3,12.886262744047194,77.59698653436159,7.28
8861892cb7fffff,1282,10056.14,7.844102964118564,45,13.070212897815912,77.58710404773791,7.24
8861892ca1fffff,6,72.22,12.036666666666669,3,13.07145395,77.60754321666667,7.23
8861892591fffff,815,7561.48,9.277889570552146,45,12.931425071814203,77.58241145896804,7.18
8860169759fffff,9,107.4,11.933333333333334,0,13.1197059,77.6089557777778,7.18
886189248dfffff,21,249.05,11.859523809523813,1,12.891487309523807,77.58148831904762,7.16
886189259bfffff,589,5860.08,9.949202037351442,26,12.927574769369656,77.58002647193314,7.13
8861892ddbfffff,78,907.38,11.633076923076922,23,13.06857306153846,77.62720020384616,7.13
88618925a3fffff,1508,10219.52,6.7768700265252,33,12.96234348786472,77.59837879045092,7.05
8860145843fffff,16,187.0,11.6875,1,12.97664153125,77.5250115625,7.04
8861892ee5fffff,42,486.98,11.594761904761905,0,13.008730438095236,77.65912382142858,7.04
8860145141fffff,3,35.18,11.726666666666668,1,12.876092633333334,77.5306484,7.04
8861892721fffff,116,1314.66,11.333275862068966,13,12.90728713788932,77.69572534632204,7.03
8861892553fffff,252,2744.06,10.889126984126984,10,12.917984649603175,77.64963380396824,7.03
8860145b03fffff,644,6125.43,9.511537267080746,12,12.996062764440994,77.56390664906831,6.98
8861892483fffff,387,4006.45,10.352583979328164,26,12.888541892244612,77.56274660576328,6.98
8861892eebfffff,183,2001.62,10.937814207650272,1,12.99216302021858,77.65238231530054,6.92
8861892c93fffff,159,1747.86,10.992830188679244,1,13.036826971069182,77.57455268427672,6.91
8861892595fffff,915,7766.38,8.48784699453552,147,12.93901355587944,77.58458984973616,6.9
8860145935fffff,90,1007.35,11.192777777777778,17,13.068550066666669,77.53030765444444,6.89
88618925d9fffff,859,7419.67,8.637566938300349,6,12.90969269685681,77.60191613282888,6.88
88618924b5fffff,16,182.39,11.399375,3,12.912550307873484,77.55897269102331,6.87
88618925e3fffff,15,170.34,11.356,0,12.945821726666669,77.61864320666668,6.84
88601459c5fffff,9,101.84,11.315555555555555,1,13.037640133333332,77.50511891111111,6.81
8860169649fffff,15,168.5,11.233333333333333,1,13.07402366,77.59280977333334,6.77
886189252bfffff,48,526.79,10.974791666666668,7,12.958926400318491,77.66068398429893,6.68
8860169663fffff,6,66.66,11.11,0,13.10354155,77.58434246666667,6.68
8860145925fffff,8,88.88,11.11,0,13.0746675625,77.5575146,6.68
88618925ddfffff,123,1320.13,10.732764227642278,16,12.91660291707317,77.60802130569105,6.68
8861892f43fffff,4,44.44,11.11,0,13.033924,77.7313028,6.67
8861892c89fffff,2,22.22,11.11,0,13.0377251,77.6099868,6.67
8861892c09fffff,2,22.22,11.11,0,13.03768025,77.66777185000001,6.67
8860145ac5fffff,2,22.22,11.11,0,12.93064425,77.50562744999999,6.67
8860145ac3fffff,2,22.22,11.11,0,12.923067,77.49391274999999,6.67
8861892017fffff,2,22.22,11.11,0,12.94387555,77.75196675,6.67
8860145a55fffff,2,22.22,11.11,0,12.92834255,77.54608619999999,6.67
8861892c8bfffff,2,22.22,11.11,0,13.04094645,77.5999328,6.67
8861892419fffff,60,655.48,10.924666666666669,7,12.876055715,77.61634803166666,6.67
88618924edfffff,190,1979.36,10.417684210526316,2,12.894923074210526,77.5991551968421,6.63
886016960dfffff,81,868.38,10.72074074074074,0,13.098663708641975,77.58500218024692,6.59
8860145a6bfffff,90,960.94,10.677111111111111,2,12.940477933130612,77.5609867442999,6.58
8861892e65fffff,13,140.72,10.824615384615385,0,13.004896476923076,77.71666495384615,6.52
8861892413fffff,48,512.88,10.685,0,12.883157957532864,77.60005515199173,6.51
88601696d3fffff,17,183.3,10.782352941176471,1,13.07471731764706,77.5030437647059,6.5
8860145a4dfffff,32,340.7,10.646875,3,12.927493146875,77.567174234375,6.45
8860145a4bfffff,24,255.52,10.646666666666668,0,12.919868904166668,77.55883480416666,6.44
8860145909fffff,7,74.06,10.58,1,13.041780357142857,77.5476365,6.36
8861892ea7fffff,63,653.6,10.374603174603177,0,13.02396216293511,77.63469086730632,6.35
8861892449fffff,87,890.56,10.23632183908046,2,12.869603965145515,77.65338517076948,6.31
8861892e0bfffff,38,392.68,10.333684210526316,26,12.987564518871515,77.68954794383687,6.28
8860169619fffff,33,340.7,10.324242424242424,6,13.080630636363637,77.55923386666667,6.26
8861892529fffff,298,2786.56,9.350872483221476,19,12.958553787919463,77.66823994328858,6.2
8860145a11fffff,102,1013.64,9.93764705882353,5,12.936359249019608,77.51902963039215,6.16
8860145a35fffff,1267,7649.59,6.037561168113655,21,12.96210768408115,77.5301065830219,6.13
8861892733fffff,8,81.46000000000001,10.1825,0,12.9030859,77.66144625,6.13
8861892eb7fffff,4,40.74,10.185,1,13.018134675,77.61292184999999,6.12
88618925e9fffff,181,1735.98,9.591049723756909,48,12.93823382390508,77.62656447411705,6.11
886014581dfffff,319,2878.83,9.024545454545454,9,12.989541344432004,77.50138245188013,6.05
88618925d5fffff,10,99.98,9.998,2,12.927160270000002,77.60006218999999,6.02
886189255bfffff,104,992.42,9.5425,0,12.912006092307694,77.65137754807692,5.93
8861892191fffff,127,1194.15,9.402755905511812,8,12.986765960629922,77.73222933070866,5.89
88618924cdfffff,575,4549.04,7.911373913043478,100,12.875973696232364,77.59583045687071,5.88
8861892ea5fffff,269,2388.68,8.879851301115242,59,13.022427522181234,77.63943371424828,5.86
88618925cbfffff,62,588.78,9.496451612903224,7,12.917081990543975,77.61389203494463,5.82
8860145127fffff,9,87.02,9.668888888888889,0,12.919291077777778,77.51406551111111,5.82
886189266bfffff,385,3242.9,8.423116883116883,66,12.83965161915434,77.67732833740351,5.82
8861892e4dfffff,70,660.98,9.442571428571428,4,12.978188381044044,77.7147505542003,5.8
8860169651fffff,5,48.14,9.628,0,13.07233354,77.57160200000001,5.79
8861892465fffff,47,445.3,9.474468085106384,8,12.90146565531915,77.66043193191489,5.78
886016966bfffff,215,1903.13,8.851767441860465,4,13.098478457209303,77.59006259906977,5.74
8861892c53fffff,16,151.84,9.49,2,13.021626011085914,77.64857216118801,5.73
8860145a43fffff,357,2947.3,8.255742296918768,12,12.926661969589196,77.55079059371667,5.66
8860145955fffff,369,3030.71,8.213306233062331,34,13.027557687804878,77.54275280189702,5.66
8861892663fffff,84,764.68,9.103333333333332,9,12.841683655292517,77.67583452905812,5.63
8860145ad1fffff,9,81.46,9.05111111111111,0,12.916015744444444,77.4817392,5.45
8860145ae3fffff,33,294.38,8.92060606060606,0,12.948334498542156,77.49756660521722,5.42
88601458e5fffff,21,183.26,8.726666666666667,0,13.008323309523808,77.48431117142857,5.28
88618926b9fffff,3,25.92,8.64,0,12.844933500000002,77.58808573333333,5.19
8861892ee7fffff,3,25.92,8.64,0,13.0098221,77.64825743333334,5.19
8861892407fffff,11,94.42,8.583636363636364,0,12.895812863636364,77.6260598,5.17
88618934a7fffff,38,320.36,8.430526315789473,13,12.817857889473684,77.6895290868421,5.13
886014588bfffff,5,42.58,8.516,0,12.98863972,77.44879888,5.12
8861892605fffff,21,175.88,8.375238095238094,0,12.841650557142858,77.66394220952381,5.07
88618925e7fffff,56,447.98,7.999642857142858,0,12.953847110714287,77.6203783125,4.91
8861892463fffff,7,55.54,7.934285714285714,0,12.899414448968065,77.64525959274265,4.77
8861892037fffff,7,55.54,7.934285714285714,0,12.964758642857143,77.76161432857143,4.77
8860145a31fffff,84,640.52,7.625238095238095,11,12.960577921428571,77.52696660952381,4.74
8861892635fffff,6,46.28,7.713333333333334,0,12.859926833333333,77.64766271666666,4.64
8860145ad5fffff,9,68.52,7.613333333333333,3,12.924727244444444,77.48522580000001,4.59
8860169645fffff,377,2371.3,6.289920424403183,31,13.09351136657825,77.59439054429708,4.52
8861892567fffff,10,74.08,7.407999999999999,4,12.95483525,77.68019488,4.46
886189249dfffff,4,29.62,7.404999999999999,0,12.880508325,77.556394,4.45
8860145813fffff,33,240.66,7.292727272727273,0,12.985871472727272,77.48707056363637,4.44
8860145b05fffff,134,927.4,6.92089552238806,1,12.998633008955224,77.58140786716419,4.42
8861892c83fffff,105,718.38,6.841714285714286,22,13.04883542952381,77.59336276952381,4.31
8860145b65fffff,5,33.32,6.664,0,13.009610040000002,77.5959228,4.01
88618924d5fffff,5,33.32,6.664,0,12.87121912,77.57029623999999,4.01
8861892e6dfffff,149,919.9,6.173825503355705,2,13.003430863087248,77.72345651543624,4.0
886189219dfffff,543,2613.24,4.812596685082873,44,12.987507285082874,77.73475783627993,3.96
8861892c55fffff,24,155.5,6.479166666666667,4,13.028695395833331,77.66366974583333,3.93
8861892eedfffff,81,509.04,6.2844444444444445,5,13.00330905925926,77.66260151234567,3.93
8861892ce9fffff,148,888.15,6.001013513513513,87,13.046927125,77.62809981486487,3.89
8860145a0bfffff,245,1345.46,5.491673469387755,2,12.934965700408164,77.53653544734694,3.78
8860145809fffff,246,1312.48,5.335284552845528,48,12.987062377005104,77.51954297272272,3.69
8860169609fffff,13,77.74000000000001,5.98,0,13.094232646153843,77.5812000076923,3.61
88618924b9fffff,11,64.78,5.88909090909091,1,12.894366312678455,77.56115990203152,3.56
8860145ac1fffff,17,96.24,5.661176470588236,0,12.92522164117647,77.4987947117647,3.43
88618924d1fffff,2,11.12,5.56,2,12.868228,77.5697017,3.34
886189229dfffff,1,5.56,5.56,1,12.877168194473605,77.73582745,3.34
8860169741fffff,1,5.56,5.56,1,13.13860532,77.6214106,3.34
8861892411fffff,18,96.24,5.346666666666668,0,12.88152205,77.60979891111111,3.24
8861892661fffff,15,74.04,4.936000000000001,2,12.84126492,77.67691576,2.99
886189262bfffff,151,675.46,4.473245033112583,7,12.851502693377483,77.65839331986754,2.98
886189218bfffff,113,501.46,4.437699115044248,1,12.98540830619469,77.74590249557522,2.89
886014593bfffff,250,932.44,3.72976,4,13.050494744400002,77.52553118239999,2.73
8860145acbfffff,55,233.14,4.238909090909091,0,12.917455036363636,77.49988968727273,2.65
8860145a5bfffff,57,225.72,3.96,0,12.907910150375752,77.53295858494997,2.49
8861892195fffff,54,214.62,3.974444444444445,0,12.98823438148148,77.7339091462963,2.49
8861892eabfffff,8,31.46,3.9325,1,13.0065319625,77.6354029625,2.38
8860145123fffff,27,99.9,3.7,0,12.909779796296297,77.5133474148148,2.27
8860144b4dfffff,19,70.3,3.7,0,13.085203484210528,77.48646901578948,2.26
8861892607fffff,12,44.400000000000006,3.7000000000000006,0,12.840517558333332,77.65364971666666,2.24
8860145167fffff,11,40.7,3.7,0,12.906358171000216,77.53266608481819,2.24
88618921abfffff,8,29.6,3.7,0,13.0060866625,77.7514058375,2.24
88601459e3fffff,3,11.1,3.7000000000000006,0,13.0518762,77.4949468,2.23
8861892c37fffff,3,11.1,3.7000000000000006,0,13.066146333333334,77.64156163333332,2.23
8860169643fffff,7,25.9,3.7,0,13.084324999999998,77.582925,2.23
886016965dfffff,3,11.1,3.7000000000000006,0,13.0802993,77.5799528,2.23
8861892dbbfffff,3,11.1,3.7000000000000006,0,13.103823966666669,77.61463653333334,2.23
8861892f57fffff,1,3.7,3.7,0,13.0305764,77.7169953,2.22
88618926adfffff,1,3.7,3.7,0,12.8614371,77.6134364,2.22
8861892761fffff,1,3.7,3.7,0,12.9001998,77.7105693,2.22
88618934a1fffff,1,3.7,3.7,0,12.8069003,77.6970235,2.22
8861892551fffff,1,3.7,3.7,0,12.9230219,77.6566549,2.22
8860169449fffff,2,7.4,3.7,0,13.129832,77.571613,2.22
88618924d9fffff,1,3.7,3.7,0,12.8559873,77.5686612,2.22
88618924c3fffff,2,7.4,3.7,0,12.87241525,77.58354474999999,2.22
8861892e37fffff,1,3.7,3.7,0,13.0116227,77.6708449,2.22
88618924ddfffff,1,3.7,3.7,0,12.8691162,77.5757152,2.22
88618924bbfffff,2,7.4,3.7,0,12.894793230731342,77.55504350797625,2.22
8861892499fffff,1,3.7,3.7,0,12.878585,77.555305,2.22
8860145109fffff,1,3.7,3.7,0,12.8778133,77.517105,2.22
